,0
5899,tt0064915
3318,tt0106205
3319,
3320,tt0109555
3321,
3322,tt0108109
3323,tt0105515
3325,
3326,tt0450577
3327,tt0267424
3328,
3329,
3330,tt0360791
3331,tt0231197
3332,tt0448790
3340,tt0464990
3341,tt0290429
3342,
3344,tt0262747
3345,tt0358992
3346,
3347,
11,tt0110076
3034,tt0111308
3035,tt0109117
3046,tt0110584
3047,tt0111384
3048,
3049,tt0290213
3050,tt0172488
3051,tt0111067
3052,tt0290940
3053,tt0363170
3054,tt0976027
3055,tt0109922
3056,tt0402739
3057,
3060,tt0111537
3061,tt0292742
3062,tt0112269
3063,tt0172487
3064,tt0111780
3065,tt0110105
3066,tt0109246
3068,tt0111303
3070,tt0240879
3071,
3072,tt0109091
3073,
3074,tt0110438
3075,
3076,tt0362986
3077,tt0109325
3084,
3085,tt0205189
3086,tt0113933
3087,tt0109391
3088,tt0109710
3089,
3090,tt0111625
3091,
3092,tt0361764
3093,tt0110280
3094,tt0338690
3095,tt0109010
3096,tt0385793
3097,tt0450608
3100,tt0395614
3101,tt1202010
3102,tt0110546
3104,tt0398128
3105,tt0440199
3106,tt0317699
3107,
3108,
3109,tt0110177
3110,tt0135140
3134,
3135,tt0225013
3136,
3137,tt0317985
3138,tt0111793
3139,tt0121659
3140,tt0362056
3141,tt0173156
3142,tt0109134
3143,tt0110881
3144,tt0440604
3145,tt0346733
3146,tt0112485
3147,tt0109116
3148,
3149,
3150,
3158,tt0110254
3159,tt0187227
3160,
3161,
3162,tt0349618
3163,
3164,tt0230358
3165,tt0110140
3166,
3167,
3168,tt0363784
3169,tt0110222
3170,tt0267845
3171,tt0388554
3172,
3173,tt0363455
3174,tt0448586
3175,
3176,tt0260155
3177,tt0398170
3178,tt0337611
3179,tt0113822
3180,
3181,tt0121232
3182,tt0290183
3183,tt0110942
3185,tt0363405
3186,
3187,
3188,
3189,tt0339936
3205,
2605,
2883,tt0286672
2898,
2900,tt0114726
2906,
2907,tt0337625
2908,
2909,
2910,tt1297447
2911,tt0204823
2912,tt0114232
2913,
2914,tt0274764
2915,tt0114231
2916,tt0112313
2917,tt0361721
2918,tt0112876
2919,tt0275364
2920,tt0115009
2926,
2927,
2928,tt0400565
2929,
2930,
2931,tt0113528
2932,tt0346870
2933,
2934,tt0395746
2935,tt0113455
2936,tt0375791
2937,
2938,
2939,
2940,tt0395802
2941,tt0112309
2942,tt0172519
2943,
2944,tt0347722
2945,tt0286705
2946,tt0112738
2951,tt0114031
2952,tt0172089
2953,tt0172574
2954,tt0115042
2955,tt0114316
2956,tt0135666
2957,
2958,tt0114234
2959,
2960,tt0173301
2961,
2968,tt0112459
2969,tt0316112
2970,
2971,tt0309618
2972,
2973,tt0292606
2974,tt0101616
2975,
2976,tt0114153
2977,
2978,
2982,
2984,
2985,tt0439464
2988,tt0114317
2991,tt0113457
2992,tt0114615
2993,tt0178392
2994,tt0113185
2995,tt0114175
2996,tt0109031
2997,tt0112884
3003,
3004,tt0267703
3005,tt0121989
3006,
3007,tt0940893
3008,tt0260066
3009,tt0343850
3010,tt0113913
3011,
3012,tt0110449
3013,
3014,tt0290258
3015,tt0343048
3016,tt0112359
3017,tt0363846
3018,tt0395748
3019,
3020,tt0267613
3021,
3022,
3025,tt0113237
3026,tt0112272
3027,
3032,tt0113526
3033,tt0114230
3036,tt0112870
2726,tt0267252
2727,tt0344098
2728,tt0483786
2729,tt0271243
2730,
2731,
2732,tt0117878
2733,tt0116035
2734,tt0135621
2735,
2736,tt0338855
2737,tt0117437
2738,tt0135641
2739,
2740,
2741,tt1027849
2742,tt0116950
2743,tt0269758
2744,tt0117470
2750,tt0405499
2751,
2752,
2753,tt0117623
2754,tt0241753
2755,
2756,tt0286593
2757,tt0116153
2758,
2759,tt0294492
2760,
2761,tt0115541
2762,
2763,tt0115616
2764,tt0870221
2765,tt0117099
2766,
2767,
2768,
2769,tt0116690
2770,
2771,tt0322027
2772,
2773,tt0135515
2774,tt0115668
2775,tt0378281
2776,
2777,tt0117111
2778,
2779,
2780,tt0116024
2786,
2787,
2788,tt0286620
2789,tt0115568
2790,tt0297001
2791,tt0172234
2792,tt0447196
2793,tt0246729
2794,tt0308417
2795,tt0116898
2796,tt0117374
2797,tt0978642
2798,tt0400617
2799,
2800,tt0246839
2801,tt0151090
2802,tt0117983
2803,tt0149609
2804,
2805,
2806,tt0116726
2807,tt0246905
2808,
2814,
2815,tt0267742
2816,tt0115019
2817,tt0115484
2818,tt0172163
2819,tt0117436
2820,tt0115558
2821,tt0117186
2822,tt0115620
2823,tt0267813
2824,tt0358960
2825,tt0446889
2826,
2827,
2828,tt0339864
2829,tt0136153
2830,
2831,tt0341639
2832,
2833,tt0338960
2834,tt0350604
2835,tt0117672
2836,tt0116730
2837,tt0319500
2616,
2617,tt0170704
2618,
2619,
2620,tt0233422
2621,tt0225029
2622,tt0368825
2623,tt0251395
2624,tt0251356
2625,
2626,
2627,tt0133024
2628,
2629,
2630,
2631,
2632,
2633,tt0135161
2634,tt0185335
2635,tt0118983
2636,tt0400584
2637,tt0440590
2641,tt0162480
2642,tt0118957
2643,
2644,
2645,
2646,tt0112308
2647,
2648,tt0339233
2649,tt0172534
2650,tt0273695
2651,
2652,
2653,tt0251068
2654,tt0130197
2656,
2657,tt0122173
2658,tt0118525
2659,
2660,tt0119861
2661,tt0251426
2662,tt0351126
2667,
2668,tt0290231
2669,tt0289685
2670,tt0120540
2671,
2672,tt0251053
2673,
2674,
2675,
2676,tt0952685
2677,tt0286724
2678,
2679,
2680,tt0251143
2681,tt0120456
2682,tt0286942
2683,
2684,
2685,
2686,tt0152278
2687,
2688,tt0119721
2689,
2690,tt0136352
2691,
2692,tt0187202
2693,tt0120551
2694,tt0286664
2695,
2696,tt0119295
2697,tt0420707
2698,tt0119491
2699,tt0809515
2700,
2701,tt0286938
2702,tt0118660
2703,tt0119427
2704,tt0119285
2705,tt0250122
2706,tt0119428
2707,tt0286545
2708,
2709,tt0118546
2710,
2711,
2712,
2713,
2714,
2715,
2487,tt2008530
2488,tt0211126
2489,
2490,
2491,tt0119760
2492,
2493,
2494,tt0286772
2495,tt0287111
2496,tt0262527
2497,
2498,
2499,tt0207415
2500,tt0210609
2501,
2502,tt0495848
2503,tt0211634
2508,
2509,tt0273804
2510,tt0119862
2511,tt0210920
2512,tt0286683
2513,
2514,tt0172684
2515,tt0118673
2516,tt0317355
2517,
2518,
2519,tt0273452
2520,
2521,tt0376158
2522,
2523,
2524,
2525,
2526,tt0396255
2527,tt0497915
2528,tt0483288
2529,tt0119596
2535,
2536,
2537,
2538,tt0395827
2539,
2540,tt0164538
2541,
2542,
2543,tt0286803
2544,
2545,
2546,tt0287152
2547,
2548,tt0173081
2549,
2550,tt0286723
2551,tt2008498
2552,tt0189633
2553,tt0210659
2554,tt0349635
2555,tt0195231
2556,tt0172761
2557,tt0190419
2558,
2559,tt0205968
2560,tt0286421
2561,
2562,tt0238591
2563,tt0189492
2564,
2567,
2568,tt0182251
2569,
2570,tt0818603
2571,tt0164550
2572,tt0118654
2573,tt0195814
2574,tt0119234
2575,tt0286936
2576,tt0446118
2577,tt0116737
2578,
2579,tt0286907
2580,
2581,
2582,
2583,tt0173080
2584,
2585,tt0178562
2586,tt0287081
2587,tt1265654
2588,tt0479718
2589,
2590,
2591,tt0364519
2592,tt0273045
2593,tt1849067
2594,tt0242831
2595,
2596,
2597,tt0319480
2598,
2599,tt0118680
2600,
2606,
2607,
2608,
2609,tt0395668
2610,tt0395463
2611,
2612,tt0455199
991,tt0207341
992,
2263,tt0940881
2264,tt0230347
2265,tt0281656
2266,
2332,
2333,
2334,
2335,
2336,
2337,
2338,tt0215245
2339,
2340,tt0220597
2341,tt0225515
2345,tt0286640
2346,
2347,
2348,
2349,tt0220757
2350,
2351,
2352,tt0317641
2353,
2354,tt0338264
2360,tt2008624
2361,
2362,
2363,
2364,
2365,tt0214931
2366,
2367,
2368,
2369,
2370,tt0226786
2371,tt0216707
2372,
2373,tt0233856
2374,tt0233808
2375,tt0111068
2380,
2381,
2382,
2383,
2384,tt0211934
2385,tt0278315
2386,
2387,tt0213775
2388,tt0152836
2389,tt0206921
2390,tt0207513
2391,tt0206020
2392,
2393,
2394,tt0209263
2395,
2396,
2397,
2401,
2402,tt0410809
2403,tt0150992
2404,tt0267548
2405,tt0489530
2411,tt0200087
2412,tt0275608
2413,
2414,
2415,
2416,tt0286934
2417,tt0244794
2418,tt2167753
2419,tt0286910
2420,tt0214178
2421,
2422,tt0286891
2423,tt0220594
2424,tt0281913
2425,
2426,
2427,
2428,tt0267928
2429,tt0282275
2430,
2431,tt0200435
2432,
2433,
2434,
2435,tt0226847
2443,tt2008546
2444,tt0196635
2445,tt0284811
2446,tt0339239
2447,
2448,tt0217608
2449,tt0172704
2450,
2451,tt0195002
2452,tt0206067
2453,tt0272062
2454,tt2008631
2455,tt0189592
2456,
2457,tt0286478
2458,
2459,tt0246687
2460,tt0149568
2461,tt0439641
2462,
2463,
2464,
2465,
307,tt0311413
340,tt0255097
439,tt0244528
709,
710,tt0151150
711,tt0234000
712,tt0213890
713,tt0248185
714,tt0242519
715,tt0255111
716,tt0247992
717,tt0247944
718,tt0218533
719,tt0250690
720,tt0250415
721,tt0248012
722,tt0253194
723,tt0245825
724,tt0232079
725,tt0222270
726,tt0254927
727,tt0437058
729,tt0261545
730,tt0326745
732,tt0286504
733,tt0252277
734,tt0494926
735,tt0230055
736,tt0270880
737,tt0255112
738,tt0116391
739,tt0255212
740,tt0222012
741,tt0249588
742,tt0263491
743,tt0250452
744,tt0251756
745,tt0268401
746,
747,tt0220596
748,tt0255305
749,tt0255309
750,tt0250483
751,
752,tt0481880
753,tt0255543
754,tt0271748
756,tt0120117
757,tt0221982
759,tt0462041
760,tt0250774
761,tt0252038
792,tt0255120
986,
988,
1036,tt0289725
2102,
2103,tt0272651
2105,tt0354662
2106,
2107,tt0271996
2108,tt0213677
2109,
2110,
2111,
2112,
2113,
2114,
2115,
2116,
2117,
2118,
2119,
2120,
2121,
2122,
2123,
2128,
2129,
2130,
2131,
2132,
2133,
2134,
2135,
2136,
2137,
2138,
2139,
2140,tt0778824
2141,
2142,
2143,
2144,
2145,
2146,
2147,
2148,
2150,tt0273884
2151,
2152,
2153,
2154,
2155,
2156,
2157,
2158,
2159,
2160,
2161,
2162,
2163,
2164,
2165,
2166,
2167,
2168,
2169,
2170,
2171,
2172,
2179,
2181,
2182,
2183,
2184,
2185,
2186,
2187,
2188,
2189,
2190,
2191,
2192,
269,tt0271604
657,tt0284137
658,tt0248126
659,
660,tt0300028
661,tt0278522
662,tt0256692
663,tt0278291
664,tt0292490
665,tt0284328
666,tt0284083
667,tt0293342
668,tt0248617
669,tt0272607
670,tt0118578
671,
672,tt0249371
673,tt0297241
674,tt0289845
675,tt0292740
676,tt0281102
677,tt0305173
678,tt0227194
681,tt0273406
682,tt0267363
683,tt0306855
684,
685,tt0255713
686,tt0299108
687,tt0292552
688,tt0272688
689,tt0285958
690,tt0283911
691,tt0317811
692,tt0298606
693,tt0301250
694,tt0273535
695,tt0297983
696,
697,tt0301179
698,
699,tt0272735
700,tt0298607
701,tt0275381
702,tt0265452
703,
704,
705,
706,
707,
708,tt0272543
731,tt0280465
763,
879,tt0287537
1259,
1260,
1261,
1997,
1998,
1999,
2000,
2001,
2002,
2006,
2007,
2008,
2009,
2010,
2011,
2012,
2013,
2014,
2015,
2016,
2017,
2018,
2019,
2020,
2021,tt0446159
2022,
2023,tt0494924
2024,
2025,
2026,
2027,tt0847758
2028,
2029,
2030,
2031,
2032,
2033,
2034,
2035,
2036,
2037,
2038,
2039,
2040,
2041,
2042,
2043,
2044,
2045,
2046,
2047,
2048,
2049,
2050,
2051,
2052,
2054,
2055,tt0285319
2056,tt0477574
2057,
2058,
2059,
2060,
2061,
2062,
2063,
2064,
2065,
2066,
2069,
2070,
2071,
2072,
2073,tt0277981
2074,
2075,
2076,
2077,
2078,
2079,
2080,
2081,
2082,
2083,
2084,
2085,
2086,
2087,
2088,
2089,
2090,
2091,
2092,
2093,
2094,tt0466208
2095,
591,tt0238936
592,tt0307873
593,tt0294662
594,tt0306434
595,tt0326576
596,tt0222024
597,tt0319020
598,tt0307116
599,tt0337971
600,tt0296574
601,tt0330843
602,tt0320097
603,tt0272736
604,tt0326983
605,tt0310254
606,tt0328998
607,tt0342624
608,tt0331216
609,tt0247911
610,tt0331639
611,tt0324951
612,tt0248216
613,tt0308347
614,tt0315632
615,tt0341549
616,tt0322653
617,tt0307682
618,tt0328671
619,tt0319736
620,tt0313844
621,tt0326600
622,tt0331479
623,tt0284479
624,tt0313395
625,tt0331256
626,tt0337652
627,tt0327071
628,tt0312883
629,tt0341455
630,tt0274019
631,tt0307866
632,tt0311411
633,
634,tt0335044
635,tt0338566
636,tt0375733
637,tt0339878
638,tt0305455
639,tt0331421
640,tt0327005
641,tt0332766
642,tt0306840
643,tt0338721
644,
645,tt0341458
646,
647,tt0340464
648,tt0322936
649,
650,tt0335592
679,tt0396057
1240,tt0348824
1241,tt0391187
1242,
1243,
1244,
1245,
1248,
1249,
1252,tt0325041
1253,tt0327004
1254,tt0321067
1255,tt0318956
1926,
1927,
1928,
1929,
1930,
1931,
1932,
1937,
1938,
1939,
1940,
1941,
1942,
1943,
1944,
1945,
1946,
1947,
1948,
1949,
1950,
1951,tt0326722
1952,tt0316911
1953,
1954,
1957,
1958,
1959,
1960,
1961,
1962,
1963,
1964,
1965,
1966,tt4063584
1967,
1968,
1969,
1970,
1971,
1972,
1973,
1974,
1975,
1976,
1977,
1978,
1979,
1980,
1981,
1982,
1983,
1984,
1985,
1986,
1987,
1988,tt0309087
1989,
1990,
1991,
1992,
1993,
1994,
1995,
1996,
507,tt0254481
508,tt0347304
509,tt0347167
510,tt0337578
511,tt0374887
512,
513,
514,tt0346507
515,tt0346723
516,tt0265148
517,tt0374271
518,tt0371735
519,tt0341266
520,tt0366630
521,tt0382385
522,
523,tt0373856
524,tt0348843
525,tt0340178
526,tt0348656
527,tt0338477
528,tt0362771
529,tt0330082
530,tt0371775
531,tt0369637
532,tt0331851
533,tt0388315
534,tt0330217
536,tt0362696
538,
539,tt0348258
540,tt0371922
541,tt0326805
542,tt0369516
543,tt0314006
544,tt0374660
545,tt0347278
546,tt0352830
547,tt0387678
548,tt0357328
549,tt0384491
550,tt0366276
551,tt0330783
552,tt0363721
553,tt0345043
554,tt0349115
555,tt0363833
556,tt0312664
558,
559,tt0385782
560,tt0353351
561,tt0349679
562,tt0366880
563,tt0385982
564,tt0374848
565,tt0381408
566,
567,tt0362902
568,tt0378025
569,
570,tt0349058
571,tt0389726
572,tt0387164
573,tt0366658
574,tt0380337
575,tt0348662
578,tt0341562
579,tt0348521
580,tt0391079
581,tt0368811
582,tt0348644
583,tt0352489
584,
585,
586,
588,tt0357208
589,
590,
653,tt0375021
654,
656,
1188,tt0348172
1189,
1190,
1192,
1193,tt0383719
1194,tt0382188
1195,tt0338490
1196,tt0349333
1234,
1235,
1236,
1778,
1871,
1872,
1873,
1874,
1875,
1876,
1877,
1878,
1879,
1880,
1881,
1882,
1883,
1884,
1885,
1886,
1887,
1888,
1889,
1890,
1891,
1892,
1893,
1894,
1895,
1896,tt0377126
1897,
1898,
1899,
1900,
1901,
1902,
1903,
1904,
1905,
1906,
1907,
1908,tt0358613
1909,
1910,
1911,
1912,
1913,
1914,
1915,
1916,
1917,
1918,
1919,
1920,
1921,
1922,
2851,
440,
441,tt0397882
442,tt0377340
443,tt0418460
444,tt0368580
445,tt0409724
447,tt0383975
448,tt0387989
450,tt0422091
451,tt0420332
452,tt0347473
453,tt0418362
454,tt0347332
455,tt0323013
456,tt0378072
457,tt0406977
458,tt0405507
459,tt0437238
460,
461,tt0415003
462,tt0430381
463,tt0382383
465,tt0363409
466,tt0422236
467,tt0421277
468,tt0396563
469,tt0349703
470,tt0366985
471,tt0364604
472,tt0416282
473,
474,tt0379818
475,tt0405266
476,tt0410952
477,tt0391274
478,tt0352314
479,tt0422950
480,tt0385351
481,tt0430702
482,tt0435437
483,tt0411815
484,tt0328729
486,tt0418096
487,tt0409068
488,tt0408976
489,tt0430328
490,tt0414040
491,tt0416120
492,tt0396782
493,
494,tt0433605
495,tt0410591
496,tt0338959
497,tt0392950
498,tt0363413
499,tt0430030
500,tt0402606
501,tt0414503
502,tt0405046
503,tt0187279
504,tt0349620
505,
506,
537,tt0399942
557,tt0377131
1163,tt0364303
1179,tt0408837
1180,
1181,
1187,tt0379370
1766,
1767,tt1137434
1768,
1769,
1770,
1771,
1772,tt0423087
1773,tt0306228
1774,
1775,
1776,
1777,tt0419974
1779,
1780,
1781,
1782,
1783,
1784,
1785,
1786,
1787,
1788,
1789,
1790,tt0442799
1791,tt0497887
1792,tt0432506
1793,tt0432536
1794,
1795,
1796,
1797,
1798,
1799,
1800,
1801,tt0430480
1802,
1803,
1804,
1805,
1806,
1807,
1808,
1809,
1810,
1814,
1815,
1816,
1817,
1818,
1819,
1820,tt0400571
1821,
1822,
1823,
1824,
1825,
1826,
1827,
1828,tt0420250
1829,
1830,
1831,
1832,
1833,
1834,
1835,tt0410954
1836,
1837,
1838,
1839,
1840,
1841,
1842,
1843,
1844,
1845,
1846,
1847,
1848,
1849,tt0366761
1850,
1851,
1852,
1853,
1854,
1855,
1856,
1857,
1858,
1859,
1860,
1861,
1862,
1863,
1864,
1866,
1867,
1868,
1869,
1870,
274,tt0451631
283,tt0476527
293,tt0449228
295,tt0457875
301,
389,tt0451833
390,tt0448206
391,tt0346457
392,tt0453671
393,tt0451803
394,tt0415768
395,tt0456165
396,tt0432047
397,tt0390614
398,tt0415908
399,tt0375611
400,tt0363472
401,tt0449306
402,tt0444781
403,tt0456500
404,tt0437407
405,tt0451787
406,tt0451850
407,tt0449389
408,
409,tt0436451
410,tt0416712
411,tt0420304
412,
413,tt0451983
414,tt0444913
415,tt0454435
416,tt0451919
417,tt0443708
418,
419,tt0453729
420,
421,tt0499041
422,tt0477857
423,tt0475645
424,tt0438875
425,tt0438981
426,tt0409527
427,tt0444874
428,tt0451824
429,
430,tt0442855
431,
432,tt0461209
433,tt0444769
434,tt0449870
435,tt0444820
436,tt0439754
437,
438,tt0466398
535,
728,tt0874854
1263,tt0470869
1264,tt0442764
1578,
1625,
1626,tt0813539
1627,tt0475627
1628,
1629,
1630,
1631,
1632,
1633,
1634,
1635,
1636,
1637,
1638,tt0466546
1639,
1640,
1641,tt0328503
1642,
1643,
1644,
1645,
1646,
1647,tt0488836
1648,
1649,
1650,
1651,tt0485513
1652,
1661,
1662,
1663,
1664,
1665,
1666,tt0470398
1667,
1668,
1669,tt0454504
1670,
1671,
1672,
1673,
1674,
1675,
1676,
1677,
1678,
1679,tt0476848
1680,
1681,
1682,
1683,tt0489028
1684,
1685,
1686,
1687,
1688,
1689,
1690,
1691,
1692,
1693,
1694,
1695,
1696,
1697,
1698,tt0487149
1699,tt0926029
1700,tt0451639
1701,
1702,
1703,tt0478868
1704,
1705,tt0459133
1706,
1707,
1708,tt0443594
1709,
1710,
1712,
1713,tt0420123
1714,
1715,
1716,
1717,tt0453748
1718,tt0437279
1719,
1723,
1724,
1725,
1726,
1727,
1728,
1729,tt0454433
1730,
1731,
1732,
1733,tt0444849
1734,
1735,tt0466367
1736,
1737,
1738,
1739,
1740,tt0497620
1741,
1742,tt0445022
1743,
1744,
1745,tt0447890
1746,tt0445056
1747,
1748,
1749,
1750,
1751,
1752,
1753,tt0483239
1754,
1755,tt0435259
1756,
1757,
1758,
1759,
1760,
1761,
1762,tt0443208
2861,
176,tt0441048
267,tt0477252
268,tt0810058
270,tt0831840
271,tt0476729
272,tt0495022
273,tt0800981
275,tt0493437
276,
277,
278,
279,tt0419468
280,
281,tt0412308
282,tt0897413
284,tt0805184
285,tt0464160
286,tt0454429
287,tt0488381
288,tt0476649
289,tt0471646
291,tt0814082
292,
294,tt0824316
296,tt0437182
297,tt0439662
298,
299,tt0495034
300,tt0461062
302,tt0857381
303,tt0456144
304,
305,tt0813540
306,tt0488414
308,tt0461323
359,
361,tt0808164
362,
363,tt0444840
364,tt0449999
365,tt0770214
366,tt0476805
367,tt0419058
368,tt0480572
369,tt0405508
370,tt0470521
371,tt0489560
372,tt0831816
373,tt0444915
374,
375,tt0833484
376,tt0476888
377,tt0485522
378,tt0494290
379,tt0488906
380,tt0823261
381,
382,tt0418880
383,tt0485466
384,tt0432637
385,tt0430589
386,tt0430202
387,tt0466460
1517,
1518,
1519,
1520,
1521,
1522,
1523,
1524,
1525,
1526,
1527,tt0946999
1528,
1529,
1530,
1531,tt0489582
1532,
1533,
1534,
1535,tt0880464
1536,
1537,
1538,
1545,
1546,
1547,
1548,
1549,
1550,tt0833561
1551,
1552,tt0827714
1553,
1554,
1555,
1556,
1557,tt0470614
1558,
1559,
1560,
1561,
1562,
1563,
1564,
1565,
1566,
1567,
1568,tt0833493
1569,
1570,
1571,
1572,
1573,
1574,
1575,
1579,
1580,
1581,
1582,
1583,
1584,
1585,
1586,tt2668860
1587,
1588,
1589,tt0833537
1590,
1591,
1592,
1593,tt0785069
1594,
1595,
1596,tt0819777
1597,
1598,
1599,tt0779768
1600,
1601,tt0314186
1602,
1603,tt0465376
1604,
1605,
1606,
1607,
1608,
1609,
1610,
1611,
1612,
1613,tt0797833
1614,
222,tt1016177
223,tt0499375
224,tt0795434
225,tt0811066
226,
227,tt0814014
228,tt1020937
229,tt1073097
230,
231,tt0986213
232,
233,tt0995031
234,tt0871510
235,tt0872190
236,tt1108831
237,tt1090650
238,tt1085806
239,tt0845448
240,tt0995035
241,tt1099196
242,tt1120897
243,tt0823451
245,tt0459293
246,tt0806088
247,tt1077248
248,tt1093370
249,
250,
251,tt0995823
252,tt1012757
253,tt0329354
254,tt0920464
255,tt1020978
256,
257,tt0995740
258,tt0807758
259,tt0816657
260,tt0758053
261,tt0882967
263,tt0986264
264,
265,tt0488798
266,tt1024943
341,tt0833553
342,tt0833476
343,tt0485272
344,
345,tt0493417
346,
347,tt0976026
348,tt0800956
349,tt0808306
350,tt0473310
351,tt0857385
352,tt0845529
353,tt0476819
354,tt0896968
355,tt0983990
356,
357,tt0979891
360,tt1014672
1275,tt1083447
1320,
1419,
1420,
1421,tt0953306
1422,
1423,
1431,tt0819810
1432,
1433,
1434,
1435,
1436,
1443,tt0824375
1444,tt0476861
1445,
1446,
1447,
1448,
1449,
1450,
1451,
1452,
1453,
1454,
1455,
1456,
1457,tt0845535
1458,
1459,tt1107308
1460,
1461,tt0397551
1462,
1463,
1464,tt0470611
1465,tt0489486
1466,tt0898943
1467,tt0995718
1468,
1469,
1470,
1471,
1472,tt0476762
1473,tt0979913
1474,tt0887753
1475,
1476,tt0984122
1477,tt0860454
1478,tt1047459
1479,
1480,tt1047519
1481,
1485,tt1236470
1486,
1487,
1488,
1489,
1490,
1491,
1492,
1493,
1494,
1495,
1496,
1497,
1498,
1499,
1500,
1501,
1502,
1503,
1504,tt1127870
1505,
1506,
1507,
1508,
1509,
1510,
1511,
1512,tt0982875
1513,tt1152845
1514,
180,tt0892874
181,
182,tt1159917
183,tt1039989
184,
185,
186,tt0449994
189,
190,tt1017456
191,
192,tt1176960
194,tt1105733
195,tt1156148
196,tt0490170
197,
198,tt1050739
199,
200,tt0490210
201,tt1260689
202,tt1146325
203,tt1327833
204,tt0995752
205,tt1191138
206,tt1213928
207,tt1039969
209,
210,tt1220718
211,tt1043876
212,tt1221139
213,
214,tt1194608
215,tt1242843
216,tt1266545
217,tt1170399
218,
219,tt0991346
309,tt1166100
310,tt0476550
311,tt1092005
312,tt1230165
313,tt1182937
315,tt1228707
316,
317,
318,tt1024839
319,tt1060249
320,tt1185420
321,tt1218345
322,tt0964516
323,tt1182972
324,tt1182908
325,
326,
327,tt1170404
328,tt1126516
329,
330,tt1266583
331,tt1132595
332,tt1039995
333,tt1105747
334,tt1087856
335,tt1114725
336,
337,tt1301698
338,tt1292703
339,
880,
885,tt1252488
886,
917,
1311,
1312,
1313,tt1127869
1314,
1315,
1316,
1317,
1318,
1319,
1321,
1322,
1323,
1324,
1325,
1326,
1327,
1328,tt1446055
1329,
1330,
1331,
1332,tt1079967
1333,
1334,
1335,
1336,
1337,
1338,tt1267400
1339,
1340,
1341,
1342,
1343,
1344,
1345,
1346,
1347,
1348,
1349,
1350,
1351,
1352,
1353,tt1287847
1354,
1355,tt1241334
1356,
1357,tt1255873
1358,
1360,
1361,
1362,
1363,tt1288638
1364,
1365,tt1158700
1366,
1367,
1368,tt1372694
1369,tt1024852
1370,tt1312135
1371,tt1372304
1372,
136,tt1187043
137,tt1084972
138,tt1275863
139,tt1252596
140,tt1255951
141,
142,tt1328634
143,tt1223922
144,tt1433905
145,tt1274295
146,tt1091229
147,tt1043451
148,tt1532957
149,tt0486615
150,tt1340838
151,tt1230448
152,
153,tt1242782
154,tt1229366
155,tt1202540
156,
157,tt1324059
158,tt1185442
159,tt1434447
160,
161,tt1370429
162,tt1372681
163,tt1454461
164,
165,tt1479667
166,tt1324076
167,tt1201557
168,
169,
170,tt1227762
171,tt1305840
172,tt1135931
174,tt1404573
175,tt1372266
220,
221,
785,
786,tt0886539
787,tt1261047
788,
789,tt1391544
790,tt1263679
985,tt1252594
993,
994,tt1170411
996,tt1438486
997,
998,
999,tt1183946
1000,tt0438894
1001,
1002,
1004,
1005,tt1202517
1006,
1007,
1008,
1009,
1010,tt1420539
1011,
1012,
1013,
1064,
1065,tt1119188
1066,
1067,
1068,
1069,
1070,
1071,
1072,
1073,
1074,
1075,
1076,
1077,
1078,
1079,
1080,
1081,
1082,tt1479857
1083,
1084,tt1176961
1085,
1086,
1087,
1088,
1089,
1090,tt1229390
1091,
1092,tt1252614
1093,
1094,
1095,
1096,
1097,
1098,
1099,
1100,
1101,
1102,tt1634329
1103,
1104,
1105,
1106,
1107,tt1278447
1108,
1109,
1110,
1112,
1113,
1114,
1115,tt1508950
1116,
1117,
1120,tt1242530
1121,
1122,tt1174041
1123,tt8823390
1124,
1125,
1126,tt1245774
1127,
1128,tt1522329
1129,
1130,
1402,
1403,
1404,
1405,
1406,
1407,
1408,
1409,
1410,
5,
65,tt1620719
74,tt1431122
75,tt1610452
76,tt1572311
77,tt1578261
78,tt1438298
79,tt1396208
80,tt1499201
81,
82,tt1606267
83,tt1447508
84,
85,tt1395054
86,tt1455811
87,tt1667838
88,tt1334470
89,
90,tt1198101
91,
92,tt1573072
93,tt1455816
94,
95,tt1373156
96,tt1188996
97,tt1345777
98,tt1185412
99,tt1392744
100,tt1451797
101,tt1183917
102,tt1608777
103,
104,tt1194232
105,tt0443331
106,
107,tt1708453
108,tt1558578
109,tt1322257
110,tt1227524
111,
112,tt1629391
113,tt1351224
114,tt1605778
115,
116,tt1191130
117,
118,tt1465493
119,tt1182884
120,
121,tt1442583
122,tt1245732
123,tt1639426
124,tt1663647
125,tt1191118
126,tt1714832
127,tt1244093
128,
129,
130,tt1612611
131,
132,tt1189006
133,tt1920986
134,tt1397492
881,tt1210356
882,
883,tt1570417
888,
889,
890,
891,
892,tt1471247
893,tt1573482
894,
895,
896,
897,tt1596723
898,tt1606162
899,
901,tt1612573
902,tt1437367
903,
904,
905,
906,tt1620907
907,
908,tt1629424
909,tt1285245
910,
911,tt1607607
912,tt1610418
913,
915,tt1124386
916,
918,tt1620620
919,
920,tt1608768
921,
922,
923,
924,
925,
926,tt1594964
928,tt1629241
929,
930,
931,
932,
933,tt1629260
934,
935,
936,tt1646217
937,
938,
939,
940,
941,
942,
943,tt1630613
944,tt1649760
945,
946,tt1745753
948,
949,
951,tt1738293
952,
953,
954,
955,
956,tt1609147
957,
959,
960,
961,tt0988655
963,tt1279105
964,
965,
966,
967,tt1292642
968,tt1773015
969,tt1388903
970,
971,
972,tt1808221
973,tt1781838
974,
975,
976,
977,tt1673411
978,
980,tt1744641
982,tt1742307
983,
984,
1033,
1034,
1306,
1398,
1399,
1400,
1401,
4,tt1948150
26,tt1729637
27,
28,tt1562871
29,tt1285241
30,tt1954206
31,tt1839596
32,tt1740710
33,tt1562872
34,tt1934231
35,tt1773109
36,tt1720254
37,tt1728239
38,tt1918965
39,tt1848771
40,tt1985981
41,tt1535467
42,tt1830786
43,tt1627924
44,tt1734110
45,tt1433810
46,tt1727496
47,tt1629376
48,tt1694542
49,tt1667076
50,tt1772872
51,tt1618430
52,tt1887763
53,tt1869296
54,tt1992138
55,tt1954598
56,tt1884268
57,tt1926313
58,
59,tt1867070
60,tt1916728
61,
62,tt1890513
63,tt1695793
64,tt1828289
66,tt1907761
67,tt1942905
68,tt1836912
69,tt1363363
70,tt1841542
71,tt1999935
764,
765,tt1948047
766,
767,tt1900937
768,tt1666184
769,tt1825801
772,
773,tt1809399
774,tt1821692
775,
776,tt1825655
777,tt1814619
778,
779,
780,tt1886663
781,
782,tt1887817
784,tt1465488
793,
794,tt1895476
796,tt1605790
797,tt1363125
798,
799,
801,
802,
803,
804,
805,tt1937092
806,tt1939654
807,tt1947973
808,
809,
810,
811,
812,tt1801521
813,tt1980970
814,tt2012576
815,
816,
817,tt1805263
818,
819,
820,
821,tt2023645
822,
823,
824,tt1630282
825,tt2032530
826,
827,
828,tt1826051
830,
831,
832,
833,
834,
835,tt1847736
836,
837,tt2034011
838,tt2073070
839,tt1696191
840,tt1368453
841,tt1877691
842,
843,
844,tt2057441
845,tt1512220
846,tt2033947
847,
848,
849,
850,tt1961530
851,tt1503640
852,
853,tt2104937
854,
855,
856,
858,
859,
860,
861,tt2112978
862,
863,
864,
865,
867,
868,
869,
870,
871,
872,
873,
874,
875,
876,
877,
878,
947,
958,
962,tt1629295
1003,
1027,
1389,
1390,
1391,
1392,
1393,
1394,
1395,
1396,
1397,
1,tt1849718
2,tt2347289
3,tt1980986
6,tt1821480
7,tt1703958
8,tt1784589
9,tt2317337
10,tt2309987
13,tt2130242
14,tt2191721
15,tt1620933
16,tt1395025
17,
18,tt2126282
19,
20,tt1706317
21,tt2246595
22,tt2191641
23,tt2175671
24,
25,tt2184125
72,tt2308773
73,tt1971365
135,tt2186731
173,
177,
178,tt2072227
179,tt2122340
187,tt1954470
188,tt2354407
262,tt1728986
290,tt2027138
652,tt2168910
770,
771,tt1954470
887,tt2016894
979,tt2187972
1014,tt1941638
1015,
1016,
1017,
1018,tt2164702
1019,
1020,
1021,
1022,
1023,tt2265191
1024,
1025,
1026,
1028,tt2327389
1029,tt1286766
1030,tt1127220
1031,
1032,
1035,
1037,tt1918886
1038,tt2185084
1039,tt2387495
1040,
1041,
1043,
1044,
1045,
1046,
1047,tt2367056
1048,
1049,
1050,
1051,
1052,tt3431756
1053,tt2402745
1054,
1055,
1056,
1057,
1058,
1059,tt1563732
1060,
1061,tt2082197
1062,tt2294685
1063,
1111,tt2404027
1118,
1119,
1131,tt2188893
1132,tt2211133
1133,tt2158633
1134,tt2378057
1135,tt2339549
1136,
1137,
1138,tt2243336
1139,
1140,
1141,tt1949548
1142,tt2283748
1143,
1144,tt2181931
1145,tt2402131
1146,tt2232524
1147,tt2251552
1148,
1149,tt2255934
1150,tt2406636
1151,tt1785333
1152,
1153,
1154,tt2188805
1155,tt2172071
1156,
1157,
1158,tt1172587
1159,
1160,tt2156785
1161,
1162,tt2321492
1164,tt2356959
1165,tt2256514
1166,tt2292625
1167,
1168,
1169,
1170,
1171,tt2317103
1172,
1173,tt2222550
1174,
1175,
1176,tt1956433
1177,tt2176013
1178,tt2178508
1182,
1183,
1184,
1185,
1186,
1191,
1197,tt1787988
1198,
1199,
1200,
1201,
1202,
1203,
1204,tt2346744
1205,
1206,tt2112131
1210,
1211,
1212,
1213,
1300,
1301,
1302,
1303,
1305,
1373,
1380,
1381,
1382,
1383,
1384,
1385,
1386,
193,tt2658126
208,
314,tt2341766
388,tt2406676
449,
464,
576,tt2229848
651,tt3324810
655,tt2706264
680,tt2857500
755,
758,
762,tt2436516
791,tt2323964
800,
829,tt2344678
866,tt2362778
884,tt2797242
900,
914,tt2066062
927,
950,
981,
989,tt2203308
990,tt2621000
995,
1207,tt2229842
1208,
1209,tt2106537
1214,tt2613942
1215,
1216,
1217,
1218,tt2624852
1219,
1220,tt2094854
1221,tt2318401
1222,
1223,tt1375789
1224,tt1855268
1225,tt2423132
1226,tt2199711
1227,
1228,
1229,
1230,
1231,tt2389486
1232,tt2224313
1233,
1237,
1238,
1239,
1246,tt2622130
1247,tt2429640
1250,tt2213054
1251,tt2171454
1256,tt2404187
1257,
1258,
1262,
1265,
1266,
1267,
1268,
1269,tt2814372
1270,
1271,tt2804026
1272,
1273,
1274,
1276,
1277,tt2929840
1278,tt2100543
1279,tt1986040
1280,tt2178470
1281,
1282,
1283,tt2912578
1284,tt2806788
1285,
1286,
1287,tt2359810
1288,tt2941856
1289,
1290,tt2246724
1291,tt2861320
1292,tt2356180
1293,tt2224317
1294,
1295,
1296,tt2976172
1297,
1298,
1299,
1304,tt2112124
1307,tt2357926
1308,tt2385104
1309,tt1773764
1310,
1359,
1374,
1375,
1376,tt2848824
1377,tt2215163
1378,tt3044882
1379,tt2188811
1387,
1388,
1411,
1412,
1413,tt2408040
1414,tt3311236
1415,
1416,tt2337292
1417,
1418,tt1891884
1424,tt2855648
1425,
1426,
1427,
1428,
1429,tt2275802
1430,
1437,
1438,
1439,
1440,
1441,tt2988272
1442,
1482,tt2476154
1483,tt3177332
1484,tt2699840
1515,tt2615584
1516,
1539,
1540,
1541,tt2401719
1542,tt2554042
1543,
1544,
1576,
1577,
1615,
1616,
1617,
1618,tt2222716
1619,tt3129282
1620,
1621,tt2571140
1622,
1623,tt2181831
1624,
1653,
1654,
1655,
1656,
1657,tt3766798
1658,
1659,tt3005850
1660,tt2796318
1711,
1720,
1721,
1722,tt3059106
1763,
1764,tt2438764
1765,tt2215477
1811,
1812,tt2275794
1813,tt2437954
1865,tt2551378
1923,
1924,
1925,
1933,
1934,
1935,tt3357416
1936,tt3309662
1955,
1956,tt1833673
2003,
2004,
2005,
2180,
3042,
2053,
2067,
2068,tt2675978
2096,
2097,tt1867064
2098,tt2907156
2099,
2100,tt3465488
2101,tt1188982
2104,tt2951576
2124,tt3303416
2125,tt3426144
2126,tt3334348
2127,tt3173910
2149,tt2574698
2173,tt2573750
2174,tt10635372
2175,tt3449320
2176,tt2980794
2177,
2178,tt3565354
2193,
2194,
2195,tt3302962
2196,
2197,
2198,
2199,tt3322420
2200,tt2727028
2201,tt2573750
2202,
2203,tt3166542
2204,
2205,tt3483646
2206,
2207,tt2976176
2208,tt3614516
2209,tt3531604
2210,tt2609218
2211,tt2191164
2212,tt3483596
2213,tt3514330
2214,tt3539966
2215,
2216,
2217,
2218,tt2708550
2219,tt2762334
2220,tt3531852
2221,
2222,
2223,
2224,
2225,
2226,tt3672618
2227,tt2612924
2228,tt2372678
2229,
2230,
2231,
2232,tt3636776
2233,tt3038772
2234,tt3290688
2235,tt3585758
2236,
2238,tt3681414
2239,tt2429930
2240,tt3056632
2241,tt3524410
2242,tt3431714
2243,tt3501994
2244,tt3640942
2245,tt3369670
2246,
2247,
2248,tt3645014
2249,tt3142232
2250,
2251,
2252,tt2998196
2253,tt3709344
2254,
2255,
2256,
2257,
2258,
2259,
2260,
2261,tt2208248
2262,tt3683702
2267,
2268,
2269,tt3036740
2270,
2271,tt3175038
2272,tt3716142
2273,tt3359290
2274,
2275,
2276,
2277,
2278,
2279,tt3678938
2280,tt3854246
2281,
2282,tt2283894
2283,tt3794302
2284,tt3822600
2285,tt3619772
2286,tt2372222
2287,
2288,tt2978626
2289,tt2309764
2290,
2291,
2292,
2293,
2294,tt3881136
2295,tt3814100
2296,tt3495000
2297,tt3483712
2298,tt3001638
2299,
2300,tt3142688
2301,tt3619854
2302,tt3554418
2303,tt3398052
2304,
2305,
2306,
2307,
2308,
2309,
2310,
2311,tt3169676
2312,tt3021244
2313,tt4087770
2314,
2315,tt3877652
2316,
2317,
2318,tt3390572
2319,tt2905838
2320,
2321,
2322,tt4010306
2323,tt3893476
2324,tt3847072
2325,
2326,
2327,
2328,
2329,
2330,tt2871010
2331,tt2691010
2342,
2343,
2344,tt2461132
2355,
2356,
2357,
2358,tt3796006
2359,tt2630076
2376,
2377,
2378,
2379,tt3848888
2398,
2399,
2400,tt3380264
2406,
2407,
2408,tt4219300
2409,tt3309844
2410,tt3017412
2436,
2437,tt4190220
2438,tt4228746
2439,tt2392447
2440,
2442,
2466,
2467,tt2679480
2468,tt4045666
2469,tt0839742
2470,tt0403935
2471,
2472,
2473,
2474,
2475,
2476,tt2216852
2477,tt2767712
2478,
2479,tt4335698
2480,
2481,
2482,tt2338151
2483,
2484,tt2882328
2441,
2485,tt4384270
2486,tt4355892
2504,
2505,tt3398048
2506,
2507,
2530,tt4094820
2531,tt4373886
2532,tt4271730
2533,
2534,
2565,tt4332114
2566,tt3848892
2601,
2602,tt3337550
2603,tt4338154
2604,tt3886444
2613,tt2872050
2614,
2615,tt3836958
2638,
2639,tt4107858
2640,tt2976182
2655,
2663,
2664,
2665,
2666,tt3678782
2716,
2717,tt2202086
2718,tt3495030
2719,
2720,
2721,tt4512230
2722,tt4501576
2723,tt3666258
2725,
2745,
2746,
2747,
2748,
2781,
2782,
2783,
2784,tt2800452
2785,tt4333674
2809,
2810,
2811,
2812,
2813,tt4556848
2838,
2839,
2840,tt3447364
2841,
2842,
2843,tt4354740
2844,tt4500734
2845,
2846,
2847,tt4671212
2848,
2849,tt2929690
2850,tt3848938
2852,
2853,
2854,
2855,
2856,tt4581722
2857,tt2962230
2858,
2859,tt4654760
2860,tt2424988
2862,
2863,tt4272420
2864,
2865,tt2979920
2866,
2867,
2868,
2869,
2870,tt2140465
2871,
2872,tt4718678
2873,tt3255586
2874,
2875,tt4610308
2876,tt4023852
2877,
2878,
2879,tt4110568
2880,
2881,tt3483612
2882,
2884,
2885,tt4541102
2886,tt4707940
2887,
2888,
2889,tt4760750
2890,tt3948240
2891,tt4684028
2892,
2894,
2895,
2896,tt4859310
2897,tt2708644
2899,tt3863552
2901,tt4760900
2902,
2903,tt4635372
2904,tt4430212
2905,tt4358344
2921,
2922,
2923,tt3422462
2924,
2925,
2947,tt3802576
2948,
2949,
2950,
2962,tt3449292
2963,tt3547616
2964,
2965,
2966,
2979,tt3469244
2980,
2981,
2983,tt3477214
2986,
2987,tt3159708
2989,
2990,
2998,tt4467202
2999,
3000,
3001,tt2585654
3002,
3023,tt4467262
3028,tt4921860
3029,tt4117066
3030,
3031,
3037,tt4302956
3038,tt4897908
3039,tt3619710
3040,
3041,
3043,
3044,
3045,
3058,tt4934950
3059,tt3696192
3067,tt4323504
3069,
3078,
3079,tt5021968
3080,tt4995402
3081,
3082,tt4651394
3083,tt4430136
3098,
3099,tt4007558
3111,tt3019620
3112,
3113,tt4853926
3114,
3115,
3116,
3117,
3118,
3119,
3120,
3121,
3122,
3123,tt5151622
3124,
3125,tt3595298
3126,
3127,
3128,
3129,
3130,
3131,
3132,
3133,
3151,
3152,
3153,
3154,
3155,tt3619772
3156,
3157,
3190,tt4994210
3191,tt4309284
3192,
3193,tt3735246
3194,tt4535650
3195,
3196,
3197,
3943,
3198,
3199,
3200,
3201,
3202,
3203,
3204,
3206,
3207,tt4600778
3208,tt4659548
3209,tt3453964
3210,tt5290620
3211,tt4387040
3212,tt3726012
3213,tt5310090
3214,tt4683366
3215,
3216,
3217,tt4399594
3218,tt4262516
3219,
3220,
3221,tt4340180
3222,tt4979160
3223,tt5209420
3224,tt5286444
3225,
3226,
3227,
3228,
3229,
3230,
3231,tt5216810
3232,tt5130348
3233,tt5121000
3234,tt5313980
3235,
3236,
3237,tt4979082
3238,
3239,
3240,tt5456810
3241,tt3590416
3242,
3243,
3244,
3245,
3246,tt4900716
3247,
3248,
3249,
3250,
3251,
3252,
3253,
3254,
3255,
3256,
3257,tt3410408
3258,
3259,tt4744086
3260,
3261,tt3495026
3262,tt5518128
3263,
3264,
3265,tt2009592
3266,tt2909396
3267,tt5005684
3268,tt5600714
3269,
3270,tt4505006
3271,tt4864932
3272,
3273,tt2939912
3274,
3275,tt5638500
3276,
3277,
3278,tt5615116
3279,tt6656806
3280,
3281,tt1890363
3282,
3283,tt4906984
3284,tt5120640
3285,
3286,
3287,
3288,tt5760490
3289,tt4818930
3290,tt5743656
3291,tt5632164
3292,
3293,
3294,
3295,
3296,
3297,tt4814290
3298,tt4857886
3299,
3300,tt4434004
3301,
3302,tt4088588
3303,
3304,
3305,
3306,tt5784778
3307,
3308,tt4365060
3309,tt3840534
3310,tt5662932
3311,
3312,
3313,
3314,
3315,tt5752374
3317,tt4832640
3324,tt4675030
3334,
3335,
3336,
3337,tt4579982
3338,
3339,tt5713232
3343,tt3679060
3348,
3349,
3350,
3351,
3352,
3353,tt4022278
3354,
3355,tt5752458
3357,tt5165344
3358,tt3859980
3359,tt5472758
3360,
3361,
3362,
3363,
3364,
3365,
3366,tt5235880
3367,tt4642936
3368,
3369,
3370,
3371,
3372,tt4916048
3373,
3374,
3375,
3376,
3377,
3378,tt5197544
3379,tt5943306
3380,tt5639388
3381,tt5571734
3382,tt7997334
3383,
3384,
3385,tt5755606
3386,tt5928576
3387,
3388,tt3043252
3389,tt5909308
3390,
3391,
3392,
3393,
3394,tt4169250
3395,
3396,
3397,tt2614722
3398,tt4940456
3399,tt6040012
3400,tt6041458
3401,tt3771536
3402,tt4559006
3403,
3404,
3405,
3406,
3407,tt5637188
3408,
3409,tt6278732
3410,
3411,tt3862004
3412,tt5227468
3413,tt6118134
3414,
3415,
3416,
3417,
3418,
3419,
3420,tt4386684
3421,
3422,tt2137241
3423,
3424,
3425,
3426,
3427,tt6046994
3428,tt5717110
3429,tt5156746
3430,tt5946128
3431,
3432,
3433,tt5933706
3434,tt5343678
3435,
3436,
3437,tt5108476
3438,
3439,tt5638474
3440,
3441,
3442,
3443,tt5074352
3444,
3445,
3476,
3446,
3447,
3448,tt5764024
3449,
3450,
3451,
3452,
3453,
3454,
3455,
3456,tt6334874
3457,
3458,
3459,tt5460276
3460,tt3405236
3461,
3462,
3463,
3464,
3465,
3466,
3467,
3468,tt6299040
3469,tt6467738
3470,tt6296236
3471,tt4909752
3472,
3473,
3474,tt6499258
3475,
3477,
3478,tt5756052
3479,
3480,tt6277440
3481,
3482,
3483,
3484,tt6206564
3485,tt5785200
3486,tt5502766
3487,tt5896934
3488,
3489,
3490,
3491,
3492,
3493,
3494,tt6611040
3495,tt6058394
3496,tt6170954
3497,tt5046500
3498,
3499,
3500,
3501,
3502,
3503,
3505,
3506,
3507,
3508,
3509,
3510,tt5785116
3511,
3512,tt5775220
3513,tt5543746
3514,
3515,
3516,
3517,
3518,
3519,
3520,
3521,
3522,
3523,
3524,tt5742874
3525,tt5472374
3526,tt5764096
3527,tt5474042
3528,tt6642396
3529,
3530,
3531,
3532,
3533,
3534,
3535,
3536,
3537,
3538,tt5544662
3539,
3540,
3541,tt6033536
3542,tt4493550
3543,
3544,tt9574388
3545,tt4552486
3546,
3547,
3548,tt6537508
3549,tt5542802
3550,tt5882970
3551,tt3611266
3552,
3553,
3554,
3555,
3556,
3557,tt6349528
3558,
3559,
3560,tt6173826
3561,tt5690142
3562,tt4129428
3563,tt6117702
3564,tt4287778
3565,
3566,
3567,tt4807830
3568,
3569,tt6272828
3570,tt6620324
3571,tt6080746
3572,
3573,
3574,
3575,
3576,
3577,tt5997666
3578,tt5785170
3579,
3580,tt6967980
3581,
3582,
3583,
3584,
3585,
3586,
3587,tt5617172
3588,tt6711660
3589,
3590,
3591,tt6971752
3592,tt6926486
3593,tt6352548
3594,
3595,
3596,
3597,
3598,
3599,
3600,
3602,
3603,tt3209826
3604,tt6405126
3605,tt5697870
3606,tt7340684
3607,tt6265988
3608,tt6512784
3609,tt6484982
3610,
3611,tt5456546
3612,
3613,
3614,
3615,
3616,
3617,
3618,
3619,
3620,
3621,
3622,
3623,tt5745450
3624,
3625,
3626,tt7154994
3627,
3628,
3629,tt6108090
3630,tt1806913
3631,tt4307132
3632,
3633,tt7341406
3634,tt3338188
3635,
3636,
3637,
3638,
3639,
3640,
3641,tt6997642
3642,
3643,
3644,
3645,
3646,
3647,
3648,tt7471004
3649,tt7469726
3650,tt7399470
3651,
3652,
3653,tt7585620
3654,
3655,tt7571718
3656,tt5784860
3657,tt6791730
3658,
3659,
3660,
3661,
3662,tt6471054
3663,tt5743888
3664,
3665,
3666,
3667,
3668,
3669,
3670,
3671,tt7549484
3672,tt6712014
3673,
3674,
3675,
3676,tt7722484
3677,
3678,
3679,
3680,
3681,
3682,
3683,
3684,
3685,
3686,
3687,
3688,
3689,tt5956100
3690,
3691,
3692,
3693,
3694,
3695,
3696,
3697,tt6102396
3698,
3699,tt7180544
3700,tt5935704
3701,tt7723022
3702,tt6275262
3703,tt4335954
3704,
3705,tt6395306
3706,
3707,
3708,
3709,
3710,
3711,
3712,
3713,
3714,
3715,
3716,tt6774212
3717,
3718,tt7617988
3719,tt7720254
3720,tt7581902
3721,
3722,
3723,tt7262178
3724,
3725,
3726,
3727,
3728,
3729,tt7363076
3730,
3731,tt4552546
3732,tt6071752
3733,
3734,
3735,
3736,
3737,
3738,
3739,
3740,
3741,
3742,tt6588966
3743,
3744,tt6843812
3745,tt7384848
3746,
3747,tt7700730
3748,
3749,tt7412738
3750,tt3224288
3751,
3752,
3753,
3754,tt4979110
3755,
3756,
3757,
3758,
3759,
3760,tt7098658
3761,tt6978268
3762,
3763,
3764,
3765,
3766,
3767,tt8324474
3768,tt8175968
3769,tt7260848
3770,
3771,
3772,tt6826438
3773,
3774,
3775,
3776,tt8223250
3777,tt7262178
3778,tt6129302
3779,tt8338746
3780,
3781,
3782,
3785,tt7431594
3786,
3787,tt6452574
3788,
3789,
3790,
3791,
3792,
3793,tt7638344
3794,tt7695014
3795,
3796,
3797,
3798,
3799,
3800,tt8060624
3801,
3802,
3803,
3804,
3805,
3806,
3807,tt7919680
3808,tt7618184
3809,
3810,
3811,
3812,
3813,
3814,
3815,tt6173990
3816,tt8202612
3817,tt7881542
3818,tt7722258
3819,
3820,
3821,
3822,
3823,
3824,
3825,
3826,tt8108202
3827,tt7609114
3828,tt2302416
3829,tt8136908
3830,tt7162758
3831,tt8011276
3867,tt5474036
3868,tt8852558
3869,tt3823392
3870,
3871,
3872,
3873,
3879,tt6923462
3880,tt7720922
3881,tt2802062
3882,
3883,
3884,
3885,
3918,tt7147540
3919,tt8396128
3921,
3922,
3941,
3942,tt8108198
3956,tt8427036
3957,tt8426854
3958,tt8239946
3959,tt7526836
3960,
3961,
3967,tt7725596
3968,tt7607940
5526,tt6514196
5527,
5528,tt1971310
5529,tt2759338
5530,tt9070934
5531,
5532,
5533,
5534,tt5970844
5535,tt6144958
5536,
5537,
5538,
5539,
5540,
5541,
5542,
5543,
5544,
5545,
5546,
5547,
5548,
5549,tt8458202
5552,
5553,
5554,
5555,
5556,tt2150177
5557,
5558,
5561,tt6527426
5562,
5563,
5564,
5565,
5566,
5567,
5568,tt7212726
5789,
3920,
5569,tt8291224
5570,tt6986710
5571,tt8108208
5572,tt6903440
5573,
5574,tt5013008
5575,tt4971258
5576,
5577,tt9472208
5578,tt7777196
5579,
5580,
5581,
5582,
5583,
5584,
5585,
5586,tt6028796
5587,
5588,
5589,
5590,
5591,
5592,
5593,
5594,
5595,
5596,
5597,
5598,
5599,
5600,tt8396186
5601,
5602,tt2395469
5603,tt9319812
5604,
5605,
5606,
5607,tt7639372
5608,
5609,tt8108200
5610,
5611,tt8130968
5612,
5613,
5614,
5615,
5616,
5617,tt6264938
5618,tt9795264
5619,tt9496212
5620,
5621,tt7778680
5622,
5623,tt8207768
5624,
5625,
5626,
5627,tt8108268
5628,tt8055888
5629,
5630,
5631,tt6988116
5632,tt7463730
5633,tt9105014
5634,tt10017956
5635,
5636,tt7527082
5637,
5638,
5639,
5640,
5641,
5642,tt4355838
5643,
5644,
5645,
5646,tt7255568
5647,
5648,
5649,
5650,
5651,tt8647400
5652,tt9239772
5653,
5654,
5655,
5656,
5657,
5658,
5659,
5660,
5661,
5662,
5663,tt9558612
5664,
5665,tt8484942
5666,
5667,
5668,
5669,
5670,
5671,
5672,
5673,
5674,tt8268972
5675,
5676,
5677,tt8983202
5678,tt10324144
5679,
5680,
5681,tt6862542
5682,
5683,
5684,
5685,
5686,
5687,
5688,tt7485048
5689,
5690,
5691,
5692,
5693,tt8897986
5694,tt8206760
5695,tt8108196
5696,tt7881524
5697,
5698,
5699,tt9248972
5700,tt8869978
5701,tt8785426
5702,tt6836936
5703,
5704,
5705,
5706,
5707,tt9248940
5708,tt8144834
5709,
5710,tt8304386
5711,tt6978954
5712,tt8706884
5713,tt8902990
5714,tt7228072
5715,
5716,
5717,tt7189494
5718,
5719,
5720,
5721,
5722,
5723,
5724,
5725,
5726,
5727,
5728,
5729,tt7721946
5730,tt8983180
5731,tt8108206
5732,tt9420648
5733,tt11046300
5734,
5735,tt9248934
5736,tt9172840
5737,tt9495690
5738,tt8983168
5739,tt9680136
5740,
5741,tt5668770
5742,tt7059844
5743,tt8504014
5758,
5759,
5760,tt10816510
5761,
5762,
5763,
5764,tt11007050
5765,
5766,tt9378950
5767,tt9176260
5768,tt9179426
5769,
5770,
5771,
5772,
5773,tt8876008
5774,
5775,
5776,
5777,
5778,
5779,
5780,tt10443846
5781,
5782,
5783,
5784,
5785,
5786,
5787,
5788,
5790,
5791,
5792,
5744,
5745,
5746,
5747,
5748,
5749,
5750,
5751,
5752,
5753,
5754,
5755,
5756,
5757,
5793,
5794,
5795,
5796,
5797,
5798,
5799,
5800,
5801,
5802,
5803,
5804,
5805,
5806,
5807,
5808,
5809,
5810,
5811,
5812,
5813,
5814,
5815,
5816,
5817,
5818,
5819,
5820,
5821,
5822,
5823,
5824,
5825,
6089,
6091,
